{"entities":{"pages":{"starter":{"id":"starter","title":"PostgreSQL","url":"starter.html","level":0,"tabIndex":0},"Installation-and-Setup":{"id":"Installation-and-Setup","title":"Installation and Setup","url":"installation-and-setup.html","level":0,"tabIndex":1},"Conncecting-to-a-Database-Server":{"id":"Conncecting-to-a-Database-Server","title":"Connecting to a Database","url":"conncecting-to-a-database-server.html","level":0,"tabIndex":2},"Create-a-database":{"id":"Create-a-database","title":"Create a database","url":"create-a-database.html","level":0,"tabIndex":3},"Tables":{"id":"Tables","title":"Tables","url":"tables.html","level":0,"tabIndex":4},"Data-types":{"id":"Data-types","title":"Data types","url":"data-types.html","level":0,"tabIndex":5},"Constraints-in-depth":{"id":"Constraints-in-depth","title":"Constraints in-depth","url":"constraints-in-depth.html","level":0,"tabIndex":6},"SELECT-query":{"id":"SELECT-query","title":"SELECT","url":"select-query.html","level":0,"tabIndex":7},"ORDER-BY":{"id":"ORDER-BY","title":"ORDER BY","url":"order-by.html","level":0,"tabIndex":8},"DISTINCT":{"id":"DISTINCT","title":"DISTINCT","url":"distinct.html","level":0,"tabIndex":9},"Comparison-operators":{"id":"Comparison-operators","title":"Operators","url":"comparison-operators.html","level":0,"tabIndex":10},"WHERE-clause":{"id":"WHERE-clause","title":"WHERE clause","url":"where-clause.html","level":0,"tabIndex":11},"LIMIT-OFFSET-FETCH":{"id":"LIMIT-OFFSET-FETCH","title":"LIMIT, OFFSET, FETCH","url":"limit-offset-fetch.html","level":0,"tabIndex":12},"Aggregate-functions":{"id":"Aggregate-functions","title":"Aggregate functions","url":"aggregate-functions.html","level":0,"tabIndex":13},"GROUP-BY":{"id":"GROUP-BY","title":"GROUP BY","url":"group-by.html","level":0,"tabIndex":14},"Math-functions":{"id":"Math-functions","title":"Math functions","url":"math-functions.html","level":0,"tabIndex":15},"COALESCE":{"id":"COALESCE","title":"COALESCE","url":"coalesce.html","level":0,"tabIndex":16},"Timestamps-and-Dates":{"id":"Timestamps-and-Dates","title":"Timestamps and Dates","url":"timestamps-and-dates.html","level":0,"tabIndex":17},"Primary-Keys":{"id":"Primary-Keys","title":"Primary Keys","url":"primary-keys.html","level":0,"tabIndex":18},"Relationships":{"id":"Relationships","title":"Relationships and foreign keys","url":"relationships.html","level":0,"tabIndex":19},"Joins":{"id":"Joins","title":"Joins","url":"joins.html","level":0,"tabIndex":20}}},"topLevelIds":["starter","Installation-and-Setup","Conncecting-to-a-Database-Server","Create-a-database","Tables","Data-types","Constraints-in-depth","SELECT-query","ORDER-BY","DISTINCT","Comparison-operators","WHERE-clause","LIMIT-OFFSET-FETCH","Aggregate-functions","GROUP-BY","Math-functions","COALESCE","Timestamps-and-Dates","Primary-Keys","Relationships","Joins"]}